{"cameraMode":{"drawMode":0,"name":"Shaded","section":"Shading Mode"},"sceneLighting":true,"audioPlay":false,"sceneViewState":{"m_AlwaysRefresh":false,"showFog":true,"showSkybox":true,"showFlares":true,"showImageEffects":true,"showParticleSystems":true,"showVisualEffectGraphs":true,"m_FxEnabled":true},"in2DMode":false,"pivot":{"x":-43.74779510498047,"y":2.68019437789917,"z":-60.291481018066409},"rotation":{"x":-0.22737014293670655,"y":-0.059265028685331348,"z":0.013864654116332531,"w":-0.9719054698944092},"size":0.1182168573141098,"orthographic":false}